{"cameraMode":{"drawMode":0,"name":"Shaded","section":"Shading Mode"},"sceneLighting":false,"audioPlay":false,"sceneViewState":{"m_AlwaysRefresh":false,"showFog":true,"showSkybox":false,"showFlares":true,"showImageEffects":true,"showParticleSystems":true,"showVisualEffectGraphs":true,"m_FxEnabled":true},"in2DMode":false,"pivot":{"x":0.6258455514907837,"y":0.6438370943069458,"z":-2.4191572666168215},"rotation":{"x":-0.33615633845329287,"y":0.4900549352169037,"z":-0.21459852159023286,"w":-0.7762987017631531},"size":1.5603848695755005,"orthographic":false}