{"cameraMode":{"drawMode":0,"name":"Shaded","section":"Shading Mode"},"sceneLighting":true,"audioPlay":false,"sceneViewState":{"m_AlwaysRefresh":false,"showFog":true,"showSkybox":true,"showFlares":true,"showImageEffects":true,"showParticleSystems":true,"showVisualEffectGraphs":true,"m_FxEnabled":true},"in2DMode":false,"pivot":{"x":0.44692230224609377,"y":-94.84146881103516,"z":55.00125503540039},"rotation":{"x":0.43582963943481448,"y":-0.13309481739997865,"z":0.06812646239995957,"w":0.8887215256690979},"size":99.6677017211914,"orthographic":false}