{"cameraMode":{"drawMode":0,"name":"Shaded","section":"Shading Mode"},"sceneLighting":false,"audioPlay":false,"sceneViewState":{"m_AlwaysRefresh":false,"showFog":true,"showSkybox":false,"showFlares":true,"showImageEffects":true,"showParticleSystems":true,"showVisualEffectGraphs":true,"m_FxEnabled":true},"in2DMode":false,"pivot":{"x":-0.9171546697616577,"y":0.8000375032424927,"z":-3.0371572971343996},"rotation":{"x":-0.027790263295173646,"y":-0.9735066294670105,"z":0.19524891674518586,"w":-0.12284909933805466},"size":1.5888224840164185,"orthographic":false}