{"cameraMode":{"drawMode":0,"name":"Shaded","section":"Shading Mode"},"sceneLighting":false,"audioPlay":false,"sceneViewState":{"m_AlwaysRefresh":false,"showFog":true,"showSkybox":false,"showFlares":true,"showImageEffects":true,"showParticleSystems":true,"showVisualEffectGraphs":true,"m_FxEnabled":true},"in2DMode":false,"pivot":{"x":134.95603942871095,"y":505.4687194824219,"z":-139.08843994140626},"rotation":{"x":0.35341253876686098,"y":0.07181373983621597,"z":-0.02567899227142334,"w":0.9334583282470703},"size":77.28803253173828,"orthographic":false}