{"cameraMode":{"drawMode":0,"name":"Shaded","section":"Shading Mode"},"sceneLighting":false,"audioPlay":false,"sceneViewState":{"m_AlwaysRefresh":false,"showFog":true,"showSkybox":false,"showFlares":true,"showImageEffects":true,"showParticleSystems":true,"showVisualEffectGraphs":true,"m_FxEnabled":true},"in2DMode":false,"pivot":{"x":-0.9211094379425049,"y":0.7989162802696228,"z":-3.0371572971343996},"rotation":{"x":-0.008454874157905579,"y":-0.968320369720459,"z":0.25267305970191958,"w":-0.015505614690482617},"size":1.63296639919281,"orthographic":false}