{"cameraMode":{"drawMode":0,"name":"Shaded","section":"Shading Mode"},"sceneLighting":false,"audioPlay":false,"sceneViewState":{"m_AlwaysRefresh":false,"showFog":true,"showSkybox":false,"showFlares":true,"showImageEffects":true,"showParticleSystems":true,"showVisualEffectGraphs":true,"m_FxEnabled":true},"in2DMode":false,"pivot":{"x":-0.7825000286102295,"y":0.2569999694824219,"z":-2.0369999408721926},"rotation":{"x":-0.027790263295173646,"y":-0.9735066294670105,"z":0.19524891674518586,"w":-0.12284909933805466},"size":0.3124999701976776,"orthographic":false}