{"cameraMode":{"drawMode":0,"name":"Shaded","section":"Shading Mode"},"sceneLighting":false,"audioPlay":false,"sceneViewState":{"m_AlwaysRefresh":false,"showFog":true,"showSkybox":false,"showFlares":true,"showImageEffects":true,"showParticleSystems":true,"showVisualEffectGraphs":true,"m_FxEnabled":true},"in2DMode":false,"pivot":{"x":2.112522840499878,"y":0.26809170842170718,"z":-0.8951902985572815},"rotation":{"x":0.2909087836742401,"y":-0.1735137552022934,"z":0.054690755903720859,"w":0.9399389624595642},"size":1.520816683769226,"orthographic":false}